model_name,accuracy,loss
densenet121,0.375,1.3430683612823486
custom_cnn,0.5881410241127014,0.6914210915565491
capsnet,0.375,0.6932228803634644
