{"accuracy": [0.8788343667984009, 0.9008818864822388, 0.9068251252174377, 0.921012282371521, 0.9271472096443176], "loss": [0.41512584686279297, 0.324945330619812, 0.28538453578948975, 0.24420079588890076, 0.22187234461307526], "val_accuracy": [0.5, 0.375, 0.5, 0.5, 0.75], "val_loss": [0.9196370244026184, 0.7238388061523438, 1.2045271396636963, 0.9408007264137268, 0.596560001373291], "learning_rate": [0.0010000000474974513, 0.0010000000474974513, 0.0010000000474974513, 0.0010000000474974513, 0.0010000000474974513]}