{"accuracy": [0.7940950989723206, 0.8495015501976013, 0.8713573813438416, 0.8874616622924805, 0.887269914150238, 0.8997315764427185, 0.9066334366798401, 0.8999233245849609, 0.9160276055335999, 0.9125766754150391], "loss": [3.634974479675293, 2.7418973445892334, 1.8355950117111206, 0.9608154296875, 0.5692189931869507, 0.30934712290763855, 0.26796337962150574, 0.2831202447414398, 0.25465157628059387, 0.2685789465904236], "val_accuracy": [0.5, 0.5, 0.5, 0.5, 0.5, 0.5, 0.4375, 0.4375, 0.4375, 0.5], "val_loss": [60.61723327636719, 63.038639068603516, 41.1170539855957, 16.189022064208984, 20.90127182006836, 15.535294532775879, 1.6110670566558838, 2.620619535446167, 1.7803672552108765, 5.789555072784424], "learning_rate": [0.0010000000474974513, 0.0010000000474974513, 0.0010000000474974513, 0.0010000000474974513, 0.0010000000474974513, 0.0010000000474974513, 0.0010000000474974513, 0.0010000000474974513, 0.0010000000474974513, 0.0010000000474974513]}