{"accuracy": [0.9776972532272339, 1.0, 0.989018440246582], "loss": [0.23437431454658508, 0.1341700255870819, 0.13287082314491272], "val_accuracy": [0.9496821761131287, 0.9539194703102112, 0.9899364113807678], "val_loss": [0.2791079580783844, 0.2730202376842499, 0.11370623856782913], "learning_rate": [0.0010000000474974513, 0.0010000000474974513, 0.0010000000474974513]}