{"accuracy": [0.839148759841919, 0.9087423086166382, 0.9238880276679993, 0.9367331266403198, 0.9386503100395203, 0.9398006200790405, 0.9405674934387207, 0.9419094920158386, 0.943443238735199, 0.9445935487747192], "loss": [0.35114410519599915, 0.22155843675136566, 0.19231241941452026, 0.16947710514068604, 0.16137942671775818, 0.15349221229553223, 0.14882272481918335, 0.1505591720342636, 0.14149080216884613, 0.14215919375419617], "val_accuracy": [0.8125, 0.8125, 0.875, 0.75, 0.875, 0.9375, 0.875, 0.875, 0.875, 0.875], "val_loss": [0.45812052488327026, 0.37167054414749146, 0.3708682954311371, 0.429673433303833, 0.3815128207206726, 0.250305712223053, 0.28764253854751587, 0.3024108111858368, 0.35754135251045227, 0.25805389881134033], "learning_rate": [9.999999747378752e-05, 9.999999747378752e-05, 9.999999747378752e-05, 9.999999747378752e-05, 9.999999747378752e-05, 9.999999747378752e-05, 9.999999747378752e-05, 9.999999747378752e-05, 9.999999747378752e-05, 1.9999999494757503e-05]}